{
  "mean": [
    25.225575010506365,
    10.834801241202568,
    7517.221353130907,
    35.66942337935684
  ],
  "scale": [
    3.990677529006862,
    2.720170437665566,
    1189.2219036440451,
    24.087322615520996
  ]
}