{
  "mean": [
    25.356537435281336,
    11.259009440257538,
    7556.248155713857,
    35.802189402129706
  ],
  "scale": [
    4.1341515336432435,
    4.042430577011732,
    1231.9771570256867,
    24.037236703022565
  ]
}