participant,angle_bias,threshold_60,threshold_80,alpha_sd,n_trials
1996s,90,0.25917402039095294,0.41583924523593796,0.18344822806208458,48
