participant,angle_bias,threshold_60,threshold_80,alpha_sd,n_trials
1996s,0,0.3442684621480574,0.5165087148100709,0.1968270113687668,49
